question,response,context,reference
Who was Ada Lovelace and what is she primarily known for?,"Ada Lovelace, born Augusta Ada King in 1815, was an English mathematician and writer. She is primarily known for her work on Charles Babbage's Analytical Engine and is often regarded as the world's first computer programmer for having published the first algorithm intended for a machine.","# Ada Lovelace (1815-1852)
Augusta Ada King, Countess of Lovelace (née Byron), was an English 
mathematician and writer, chiefly known for her work on Charles 
Babbage's proposed mechanical general-purpose computer, the 
Analytical Engine. She is often regarded as the world's first 
computer programmer, having published the first algorithm intended 
to be processed by a machine.
## Early Life and Education
Ada Lovelace was born on December 10, 1815, in London, England. She

# Ada Lovelace (1815-1852)
Augusta Ada King, Countess of Lovelace (née Byron), was an English 
mathematician and writer, chiefly known for her work on Charles 
Babbage's proposed mechanical general-purpose computer, the 
Analytical Engine. She is often regarded as the world's first 
computer programmer, having published the first algorithm intended 
to be processed by a machine.
## Early Life and Education
Ada Lovelace was born on December 10, 1815, in London, England. She","Ada Lovelace was an English mathematician and writer, chiefly known for her work on Charles Babbage's proposed mechanical general-purpose computer, the Analytical Engine. She is often regarded as the world's first computer programmer."
What significant contribution did Ada Lovelace make to the field of computing?,"Ada Lovelace's significant contribution to computing was publishing an algorithm for the Analytical Engine to compute Bernoulli numbers, regarded as the first published computer program. She also offered visionary insights into the potential applications of computing machines, such as creating music and graphics. Her ideas anticipated uses of computers that would not be realized for a century.","Most significantly, she published an algorithm for the Analytical 
Engine to compute Bernoulli numbers, which is considered the first 
published computer program. 
Lovelace's notes also included visionary insights about the 
potential of computing machines. She speculated that such devices 
could be used to create music, produce graphics, and have 
applications beyond pure calculation, concepts that wouldn't be 
realized for another century.
## Personal Life

Most significantly, she published an algorithm for the Analytical 
Engine to compute Bernoulli numbers, which is considered the first 
published computer program. 
Lovelace's notes also included visionary insights about the 
potential of computing machines. She speculated that such devices 
could be used to create music, produce graphics, and have 
applications beyond pure calculation, concepts that wouldn't be 
realized for another century.
## Personal Life","Ada Lovelace published the first algorithm intended to be processed by a machine, which is considered the first published computer program."
How did Ada Lovelace's upbringing influence her education and career?,"Ada Lovelace's upbringing, marked by a strong emphasis on mathematics and science instilled by her mother, shaped her education and career in computing. This foundation, combined with her exposure to influential thinkers of her time, enabled her to make significant contributions, including the first published algorithm for a computing machine. Her visionary insights about the potential applications of computing machines highlight the impact of her early education.","Most significantly, she published an algorithm for the Analytical 
Engine to compute Bernoulli numbers, which is considered the first 
published computer program. 
Lovelace's notes also included visionary insights about the 
potential of computing machines. She speculated that such devices 
could be used to create music, produce graphics, and have 
applications beyond pure calculation, concepts that wouldn't be 
realized for another century.
## Personal Life

Most significantly, she published an algorithm for the Analytical 
Engine to compute Bernoulli numbers, which is considered the first 
published computer program. 
Lovelace's notes also included visionary insights about the 
potential of computing machines. She speculated that such devices 
could be used to create music, produce graphics, and have 
applications beyond pure calculation, concepts that wouldn't be 
realized for another century.
## Personal Life","Ada Lovelace received a rigorous education focused on mathematics and science, which was unusual for women in the 19th century. Her mother ensured this education to steer Ada away from the ""insanity"" or poetic temperament of her father, Lord Byron."
"In what year did Ada Lovelace begin her collaboration with Charles Babbage, and what was the nature of this collaboration?","Ada Lovelace began her collaboration with Charles Babbage in 1833 when she was introduced to him at a social event. Their collaboration focused on Babbage's designs for the Analytical Engine, a more complex machine than his earlier Difference Engine. Lovelace became deeply intrigued by his work and contributed her ideas, which laid the groundwork for modern computing.","unusual for women in the 19th century. Her tutors included Mary 
Somerville, a Scottish astronomer and mathematician, and Augustus De 
Morgan, a professor of mathematics at the University of London.
## Collaboration with Charles Babbage
In 1833, at the age of 17, Ada was introduced to Charles Babbage at 
a social event. Babbage had already designed a mechanical calculator 
called the Difference Engine and was working on a more complex 
machine, the Analytical Engine. Lovelace was deeply intrigued by

unusual for women in the 19th century. Her tutors included Mary 
Somerville, a Scottish astronomer and mathematician, and Augustus De 
Morgan, a professor of mathematics at the University of London.
## Collaboration with Charles Babbage
In 1833, at the age of 17, Ada was introduced to Charles Babbage at 
a social event. Babbage had already designed a mechanical calculator 
called the Difference Engine and was working on a more complex 
machine, the Analytical Engine. Lovelace was deeply intrigued by","Ada Lovelace was introduced to Charles Babbage in 1833, and she collaborated by translating an Italian article about the Analytical Engine, to which she added extensive notes, enhancing the content significantly."
What is Ada Lovelace Day and its significance?,"Ada Lovelace Day, established in 2009, is an international celebration honoring the achievements of women in science, technology, engineering, and mathematics (STEM). It recognizes Ada Lovelace as a visionary in computer science and a symbol for women in technology. The programming language Ada is named after her, reflecting her contributions to the field of computing.","computing was recognized. Today, Ada Lovelace is celebrated as a 
visionary in computer science and as a symbol for women in 
technology.
Ada Lovelace Day, established in 2009, is an international 
celebration of the achievements of women in science, technology, 
engineering, and mathematics (STEM). The programming language Ada, 
created by the U.S. Department of Defense, was named after her in 
recognition of her early contributions to computing.

computing was recognized. Today, Ada Lovelace is celebrated as a 
visionary in computer science and as a symbol for women in 
technology.
Ada Lovelace Day, established in 2009, is an international 
celebration of the achievements of women in science, technology, 
engineering, and mathematics (STEM). The programming language Ada, 
created by the U.S. Department of Defense, was named after her in 
recognition of her early contributions to computing.","Ada Lovelace Day, established in 2009, is an international celebration of the achievements of women in science, technology, engineering, and mathematics (STEM), recognizing Lovelace's pioneering role in computing and her status as a symbol for women in technology."
